Classe,ISBN,CODE,MATIERE,Section,TITRE,EDITEUR,QTE,PRIX  ESC.,PRIX REG.,VENDU,A VENIR,A TRAITER,INV
11-01,#9782725634296,2017,Francais,,"A l'école des albums CP série jaune, Méthode de lecture, manuel ",Retz,11,21.08,23.95,18,,,33
11-02,#9782725634302,Cahier,Francais,,"A l'école des albums CP série 1, Méthode de lecture, manuel ",Retz,10,9.64,10.95,24,,,27
11-03,#9782725634319,Cahier,Francais,,"A l'école des albums CP série 1, Méthode de lecture, manuel ",Retz,9,9.64,10.95,24,,,33
11-04,#9782218956089,Cahier,Francais,,Les cahiers d'écriture CP - No 1: Apprentissage,Hatier,9,9.24,10.5,24,,,17
11-05,#3277450210076,Cahier,Maths,,"Cap Maths CP, Fichier d'entrainement avec dico-maths",Hatier,9,23.32,27.5,23,,,18
11-06,,,,,,,,,,,,,
11-07,,,,,,,,,,,,,
11-08,,,,,,,,,,,,,
11-09,,,,,,,,,,,,,
11-10,,,,,,,,,,,,,
11-11,,,,,,,,,,,,,
11-12,,,,,,,,,,,,,
11-13,,,,,,,,,,,,,
11-14,,,,,,,,,,,,,
11-15,,,,,,,,,,,,,
,,,,,,,,,,,,,
ITEM,FABRIQUANT,CODE,MARQUE,QTE EXIGEE,,,,,,,,,